<?xml version="1.0" encoding="UTF-8"?>
<beans xmlns="http://www.springframework.org/schema/beans"
       xmlns:xsi="http://www.w3.org/2001/XMLSchema-instance"
       xsi:schemaLocation="
        http://www.springframework.org/schema/beans http://www.springframework.org/schema/beans/spring-beans.xsd">


    <bean class="com.ford.demo.Project" id="proj">
        <constructor-arg name="id" value="1234"/>
        <constructor-arg name="name" value="CMS"/>
        <constructor-arg name="description" value="Coupon Management System"/>
    </bean>

    <bean class="com.ford.demo.Account" id="acnt1">
        <property name="accountId" value="123456789"/>
        <property name="accountType" value="Savings"/>
        <property name="balance" value="4500.25"/>
    </bean>

    <bean class="com.ford.demo.Account" id="acnt2">
        <property name="accountId" value="1234566678"/>
        <property name="accountType" value="Current"/>
        <property name="balance" value="42500.25"/>
    </bean>

    <bean class="com.ford.demo.Account" id="acnt3">
        <property name="accountId" value="1234578942"/>
        <property name="accountType" value="Salary"/>
        <property name="balance" value="65000.25"/>
    </bean>

    <bean class="com.ford.demo.Employee" name="emp">
        <property name="id" value="1001"/>
        <property name="name" value="arun"/>
        <property name="salary" value="45000.25"/>
        <property name="role" value="Java Developer"/>
        <property name="project" ref="proj"/>
        <property name="certifications">
            <list>
                <value>UI Dev Certification</value>
                <value>Java FSD Certification</value>
                <value>DataScience Certification</value>
            </list>
        </property>

        <property name="accounts">
            <set>
                <ref bean="acnt1"/>
                <ref bean="acnt2"/>
            </set>
        </property>
    </bean>
</beans>